Timestamp, COUNTER_MEMS, INTERPOLATED_MEMS, Q0, Q1, Q2, Q3, ACCX, ACCY, ACCZ, MAGX, MAGY, MAGZ
1572913275.1841, 17, 0, 0.434085, -0.527222, -0.440125, -0.583008, 0.978042, 0.053223, 0.053223, -73.871977, -75.217823, 63.852903
1572913275.1996, 18, 0, 0.434179, -0.527161, -0.440186, -0.582947, 0.987808, 0.055177, 0.056641, -74.47013, -72.825208, 64.451057
1572913275.2151, 19, 0, 0.434211, -0.5271, -0.440308, -0.582886, 0.983902, 0.042481, 0.041993, -74.769207, -73.423362, 63.852903
1572913275.2309, 20, 0, 0.434162, -0.527039, -0.44043, -0.582886, 0.987808, 0.055177, 0.056641, -76.563668, -73.5729, 64.15198
1572913275.2465, 21, 0, 0.434179, -0.527161, -0.440186, -0.582947, 0.983902, 0.042481, 0.041993, -74.769207, -73.423362, 63.852903
1572913275.2623, 22, 0, 0.434194, -0.526978, -0.440552, -0.582825, 0.993668, 0.0542, 0.052735, -75.666438, -75.068284, 63.404288
1572913275.278, 23, 0, 0.434206, -0.526917, -0.440613, -0.582825, 0.983902, 0.042481, 0.041993, -75.068284, -73.423362, 61.609827
1572913275.2937, 24, 0, 0.434256, -0.526978, -0.440491, -0.582825, 0.993668, 0.0542, 0.052735, -75.965515, -75.217823, 63.553826
1572913275.3092, 25, 0, 0.434239, -0.527161, -0.440369, -0.582764, 0.985367, 0.043946, 0.052247, -73.871977, -72.974746, 63.553826
1572913275.3248, 26, 0, 0.434453, -0.527222, -0.440247, -0.582642, 0.995132, 0.0542, 0.0542, -74.769207, -74.171054, 62.806134
1572913275.3405, 27, 0, 0.43455, -0.527344, -0.440247, -0.582458, 0.985367, 0.043946, 0.052247, -75.068284, -74.171054, 64.301518
1572913275.3562, 28, 0, 0.434783, -0.527405, -0.440186, -0.582275, 0.995132, 0.0542, 0.0542, -74.769207, -74.171054, 62.806134
1572913275.3717, 29, 0, 0.434974, -0.527466, -0.440247, -0.582031, 0.994644, 0.049317, 0.041505, -74.769207, -72.974746, 63.852903
1572913275.3872, 30, 0, 0.435088, -0.527405, -0.440369, -0.581909, 0.990738, 0.05713, 0.041993, -74.918746, -74.320592, 63.404288
1572913275.4029, 31, 0, 0.435194, -0.527283, -0.440491, -0.581848, 0.994644, 0.049317, 0.041505, -75.367361, -73.124285, 63.703365
1572913275.4186, 32, 0, 0.435319, -0.527161, -0.440674, -0.581726, 0.990738, 0.05713, 0.041993, -75.068284, -74.171054, 64.301518
1572913275.4343, 33, 0, 0.435208, -0.5271, -0.440857, -0.581726, 0.996109, 0.045411, 0.049805, -74.47013, -72.376593, 63.404288
1572913275.45, 34, 0, 0.435267, -0.5271, -0.44104, -0.581543, 1.005386, 0.062013, 0.047852, -76.713207, -74.918746, 62.357519
1572913275.4657, 35, 0, 0.435183, -0.5271, -0.441284, -0.581421, 0.996109, 0.045411, 0.049805, -75.666438, -73.871977, 63.703365
1572913275.4812, 36, 0, 0.435172, -0.527039, -0.441528, -0.581299, 1.005386, 0.062013, 0.047852, -74.918746, -73.5729, 62.955673
1572913275.4968, 37, 0, 0.435267, -0.5271, -0.44104, -0.581543, 0.993668, 0.063478, 0.054688, -75.965515, -73.423362, 63.852903
1572913275.5125, 38, 0, 0.435285, -0.526978, -0.44165, -0.581177, 1.005386, 0.062013, 0.047852, -74.918746, -73.5729, 62.955673
1572913275.5282, 39, 0, 0.435344, -0.526978, -0.441833, -0.580994, 0.993668, 0.063478, 0.054688, -75.666438, -72.376593, 63.703365
1572913275.5439, 40, 0, 0.435387, -0.526855, -0.442017, -0.580933, 0.98146, 0.052247, 0.046876, -73.423362, -74.171054, 65.04921
1572913275.5596, 41, 0, 0.435507, -0.526855, -0.442139, -0.58075, 0.979019, 0.055177, 0.05127, -75.068284, -74.47013, 64.301518
1572913275.5751, 42, 0, 0.435701, -0.526794, -0.442261, -0.580566, 0.98146, 0.052247, 0.046876, -73.423362, -74.171054, 65.04921
1572913275.5906, 43, 0, 0.435678, -0.526794, -0.442444, -0.580444, 0.979019, 0.055177, 0.05127, -75.068284, -74.47013, 64.301518
1572913275.6061, 44, 0, 0.435853, -0.526733, -0.442505, -0.580322, 0.992203, 0.035645, 0.043458, -75.367361, -73.871977, 62.507057
1572913275.6216, 45, 0, 0.43581, -0.526733, -0.442627, -0.580261, 0.984878, 0.047852, 0.046387, -75.666438, -73.5729, 62.955673
1572913275.6371, 46, 0, 0.435779, -0.526672, -0.44281, -0.5802, 0.992203, 0.035645, 0.043458, -75.367361, -73.871977, 62.507057
1572913275.6526, 47, 0, 0.435829, -0.526611, -0.442993, -0.580078, 0.984878, 0.047852, 0.046387, -75.666438, -73.5729, 62.955673
1572913275.6682, 48, 0, 0.435945, -0.526428, -0.443176, -0.580017, 0.984878, 0.043458, 0.038575, -74.47013, -73.5729, 64.899672
1572913275.6839, 49, 0, 0.435969, -0.526306, -0.443298, -0.580017, 0.986343, 0.053223, 0.053223, -74.171054, -74.619669, 63.404288
1572913275.6996, 50, 0, 0.436015, -0.526062, -0.443542, -0.580017, 0.984878, 0.043458, 0.038575, -74.47013, -73.5729, 64.899672
1572913275.7154, 51, 0, 0.436057, -0.52594, -0.443726, -0.579956, 0.986343, 0.053223, 0.053223, -74.918746, -73.5729, 63.703365
1572913275.7311, 52, 0, 0.43618, -0.525818, -0.443909, -0.579834, 0.988785, 0.055177, 0.041016, -75.367361, -73.871977, 65.198749
1572913275.7468, 53, 0, 0.436015, -0.526062, -0.443542, -0.580017, 0.984878, 0.043458, 0.038575, -74.918746, -73.5729, 64.15198
1572913275.7625, 54, 0, 0.436292, -0.525757, -0.444031, -0.579712, 0.992691, 0.049317, 0.039551, -76.563668, -74.619669, 64.15198
1572913275.7782, 55, 0, 0.436473, -0.525757, -0.444092, -0.579529, 0.990249, 0.057618, 0.05127, -74.918746, -73.5729, 64.15198
1572913275.7939, 56, 0, 0.436561, -0.525818, -0.444092, -0.579407, 1.007828, 0.047364, 0.043946, -76.563668, -73.5729, 64.15198
1572913275.8096, 57, 0, 0.436669, -0.525879, -0.444153, -0.579224, 0.979019, 0.052735, 0.041016, -76.115053, -73.5729, 64.451057
1572913275.8253, 58, 0, 0.436607, -0.525879, -0.444214, -0.579224, 1.007828, 0.047364, 0.043946, -76.862745, -74.320592, 63.404288
1572913275.841, 59, 0, 0.436633, -0.52594, -0.444275, -0.579102, 0.979019, 0.052735, 0.041016, -75.516899, -74.47013, 64.600595
1572913275.8567, 60, 0, 0.436714, -0.52594, -0.444275, -0.579041, 0.990249, 0.057618, 0.050782, -75.516899, -75.965515, 65.497826
1572913275.8724, 61, 0, 0.436671, -0.52594, -0.444397, -0.578979, 0.987808, 0.057618, 0.041993, -74.918746, -73.871977, 63.404288
1572913275.8881, 62, 0, 0.436767, -0.525757, -0.444519, -0.578979, 0.990249, 0.057618, 0.050782, -75.516899, -75.965515, 65.497826
1572913275.9038, 63, 0, 0.43668, -0.525757, -0.444763, -0.578857, 0.987808, 0.057618, 0.041993, -75.666438, -74.619669, 64.451057
1572913275.9195, 0, 0, 0.436721, -0.525635, -0.444946, -0.578796, 0.980484, 0.055177, 0.03418, -74.171054, -73.124285, 63.703365
1572913275.935, 1, 0, 0.436744, -0.525513, -0.445068, -0.578796, 0.979995, 0.059083, 0.044434, -75.516899, -74.47013, 63.852903
1572913275.9506, 2, 0, 0.436755, -0.525452, -0.445129, -0.578796, 0.980484, 0.055177, 0.03418, -74.171054, -73.124285, 63.703365
1572913275.9664, 3, 0, 0.436671, -0.525574, -0.445068, -0.578796, 0.979995, 0.059083, 0.044434, -75.516899, -74.47013, 63.852903
1572913275.9821, 4, 0, 0.436744, -0.525513, -0.445068, -0.578796, 1.004898, 0.039551, 0.037598, -76.115053, -73.5729, 64.451057
1572913275.9978, 5, 0, 0.436795, -0.525574, -0.444946, -0.578796, 0.979995, 0.059083, 0.044434, -74.47013, -72.825208, 63.404288
1572913276.0135, 6, 0, 0.436776, -0.525574, -0.444885, -0.578857, 1.004898, 0.039551, 0.037598, -76.115053, -73.5729, 64.451057
1572913276.0292, 7, 0, 0.436846, -0.525635, -0.444824, -0.578796, 0.980972, 0.043458, 0.035645, -76.713207, -74.171054, 63.553826
1572913276.0448, 8, 0, 0.436853, -0.525696, -0.444824, -0.578735, 0.984878, 0.042481, 0.051759, -74.769207, -72.974746, 63.852903
1572913276.0604, 9, 0, 0.436853, -0.525696, -0.444824, -0.578735, 0.980972, 0.043458, 0.035645, -76.264591, -74.171054, 63.852903
1572913276.0761, 10, 0, 0.43681, -0.525696, -0.444946, -0.578674, 0.984878, 0.042481, 0.051759, -75.516899, -72.974746, 64.600595
1572913276.0918, 11, 0, 0.436778, -0.525635, -0.445129, -0.578613, 0.986343, 0.051759, 0.040528, -76.264591, -73.722438, 63.105211
1572913276.1075, 12, 0, 0.436778, -0.525635, -0.445129, -0.578613, 0.975113, 0.05127, 0.044923, -74.918746, -74.320592, 63.404288
1572913276.1232, 13, 0, 0.436741, -0.525696, -0.445251, -0.578491, 0.986343, 0.051759, 0.040528, -76.563668, -72.376593, 63.404288
1572913276.1389, 14, 0, 0.43676, -0.525696, -0.445313, -0.57843, 0.975113, 0.05127, 0.044923, -75.965515, -73.722438, 63.852903
1572913276.1546, 15, 0, 0.436779, -0.525696, -0.445374, -0.578369, 0.977066, 0.05713, 0.036622, -75.516899, -72.974746, 64.301518
1572913276.1703, 16, 0, 0.436779, -0.525696, -0.445374, -0.578369, 0.986831, 0.049805, 0.050294, -74.769207, -73.423362, 64.600595
1572913276.1859, 17, 0, 0.436767, -0.525757, -0.445313, -0.578369, 0.977066, 0.05713, 0.036622, -75.367361, -73.5729, 64.451057
1572913276.2014, 18, 0, 0.436756, -0.525818, -0.445251, -0.578369, 0.986831, 0.049805, 0.050294, -75.367361, -73.871977, 64.451057
1572913276.2169, 19, 0, 0.436779, -0.525696, -0.445374, -0.578369, 0.993668, 0.067872, 0.049317, -75.516899, -74.47013, 64.600595
1572913276.2324, 20, 0, 0.436782, -0.525879, -0.445313, -0.578247, 0.986831, 0.049805, 0.050294, -75.367361, -73.871977, 64.451057
1572913276.2479, 21, 0, 0.437013, -0.52594, -0.445251, -0.578064, 0.993668, 0.067872, 0.049317, -75.666438, -74.320592, 62.955673
1572913276.2636, 22, 0, 0.437032, -0.52594, -0.445313, -0.578003, 0.997086, 0.053223, 0.051759, -76.115053, -73.124285, 63.404288
1572913276.2793, 23, 0, 0.437127, -0.526062, -0.445313, -0.57782, 0.979507, 0.059571, 0.039551, -75.068284, -73.722438, 63.852903
1572913276.295, 24, 0, 0.437156, -0.526001, -0.445435, -0.577759, 0.997086, 0.053223, 0.051759, -76.115053, -73.124285, 63.404288
1572913276.3107, 25, 0, 0.437168, -0.52594, -0.445496, -0.577759, 0.979507, 0.059571, 0.039551, -75.068284, -73.722438, 63.105211
1572913276.3264, 26, 0, 0.437168, -0.52594, -0.445496, -0.577759, 0.993179, 0.047364, 0.046387, -75.666438, -72.825208, 64.15198
1572913276.3421, 27, 0, 0.437036, -0.525879, -0.445618, -0.57782, 0.983413, 0.044434, 0.042481, -76.563668, -73.5729, 63.404288
1572913276.3578, 28, 0, 0.437121, -0.525757, -0.445679, -0.57782, 0.993179, 0.047364, 0.046387, -75.666438, -73.124285, 64.451057
1572913276.3735, 29, 0, 0.436978, -0.525757, -0.44574, -0.577881, 0.983413, 0.044434, 0.042481, -76.264591, -73.423362, 63.553826
1572913276.3891, 30, 0, 0.436915, -0.525757, -0.445801, -0.577881, 0.989761, 0.059083, 0.049317, -75.666438, -73.871977, 64.451057
1572913276.4049, 31, 0, 0.436915, -0.525757, -0.445801, -0.577881, 0.988296, 0.064942, 0.034668, -76.115053, -73.871977, 63.404288
1572913276.4206, 32, 0, 0.43697, -0.525696, -0.44574, -0.577942, 0.989761, 0.059083, 0.049317, -75.367361, -75.068284, 63.703365
1572913276.4363, 33, 0, 0.437022, -0.525757, -0.445618, -0.577942, 0.988296, 0.064942, 0.034668, -75.068284, -72.974746, 65.497826
1572913276.4518, 34, 0, 0.436915, -0.525757, -0.445801, -0.577881, 0.994156, 0.050782, 0.047852, -75.965515, -73.423362, 63.852903
1572913276.4673, 35, 0, 0.437109, -0.525818, -0.445618, -0.57782, 0.988296, 0.064942, 0.034668, -75.068284, -72.974746, 65.497826
1572913276.4828, 36, 0, 0.437036, -0.525879, -0.445618, -0.57782, 0.994156, 0.050782, 0.047852, -75.965515, -73.423362, 63.852903
1572913276.4983, 37, 0, 0.437179, -0.525879, -0.445557, -0.577759, 0.99855, 0.06836, 0.048829, -76.713207, -73.423362, 64.600595
1572913276.514, 38, 0, 0.437124, -0.52594, -0.445618, -0.577698, 0.988296, 0.045411, 0.041505, -73.273823, -73.124285, 64.451057
1572913276.5297, 39, 0, 0.437285, -0.52594, -0.445618, -0.577576, 0.99855, 0.06836, 0.048829, -76.713207, -73.423362, 64.600595
1572913276.5454, 40, 0, 0.437355, -0.526001, -0.445557, -0.577515, 0.988296, 0.045411, 0.041505, -73.273823, -73.124285, 64.451057
1572913276.5611, 41, 0, 0.437516, -0.526001, -0.445557, -0.577393, 0.995621, 0.048341, 0.047852, -75.666438, -73.124285, 63.404288
1572913276.5768, 42, 0, 0.437567, -0.526123, -0.445679, -0.577148, 0.985855, 0.047364, 0.038575, -74.769207, -73.423362, 63.553826
1572913276.5925, 43, 0, 0.437757, -0.526062, -0.445801, -0.576965, 0.995621, 0.048341, 0.047852, -75.516899, -72.675669, 63.852903
1572913276.6082, 44, 0, 0.437805, -0.526001, -0.445984, -0.576843, 0.985855, 0.047364, 0.038575, -74.769207, -73.423362, 63.553826
1572913276.6239, 45, 0, 0.437845, -0.525879, -0.446167, -0.576782, 0.974136, 0.062501, 0.044434, -75.516899, -73.423362, 63.852903
1572913276.6397, 46, 0, 0.437783, -0.525879, -0.446228, -0.576782, 0.974624, 0.047852, 0.056153, -75.965515, -74.47013, 65.04921
1572913276.6552, 47, 0, 0.437886, -0.525757, -0.44635, -0.576721, 0.974136, 0.062501, 0.044434, -75.965515, -72.974746, 63.553826
1572913276.6707, 48, 0, 0.437984, -0.525757, -0.446411, -0.576599, 0.974624, 0.047852, 0.056153, -76.115053, -73.5729, 63.404288
1572913276.6862, 49, 0, 0.437991, -0.525818, -0.446411, -0.576538, 0.991714, 0.044434, 0.044923, -74.918746, -73.5729, 63.703365
1572913276.7017, 50, 0, 0.437886, -0.525757, -0.44635, -0.576721, 0.974136, 0.062501, 0.044434, -74.918746, -71.628901, 62.507057
1572913276.7174, 51, 0, 0.438101, -0.525757, -0.446533, -0.576416, 0.994644, 0.046876, 0.042969, -75.965515, -72.974746, 63.553826
1572913276.7332, 52, 0, 0.438199, -0.525757, -0.446594, -0.576294, 0.990249, 0.056641, 0.047852, -74.918746, -71.628901, 62.507057
1572913276.7489, 53, 0, 0.438298, -0.525757, -0.446655, -0.576172, 0.988296, 0.049317, 0.041993, -75.666438, -74.320592, 62.507057
1572913276.7645, 54, 0, 0.438418, -0.525635, -0.446838, -0.57605, 0.996109, 0.056153, 0.038575, -77.161822, -72.675669, 63.852903
1572913276.78, 55, 0, 0.438559, -0.525696, -0.447021, -0.575745, 0.988296, 0.049317, 0.041993, -75.666438, -74.320592, 62.507057
1572913276.7955, 56, 0, 0.438675, -0.525696, -0.447144, -0.575562, 0.996109, 0.056153, 0.038575, -77.161822, -72.675669, 63.852903
1572913276.811, 57, 0, 0.438717, -0.525757, -0.447266, -0.575378, 0.993668, 0.042481, 0.041016, -75.516899, -74.171054, 63.852903
1572913276.8266, 58, 0, 0.43868, -0.525818, -0.447388, -0.575256, 0.988296, 0.046876, 0.036133, -76.264591, -74.47013, 63.105211
1572913276.8421, 59, 0, 0.438635, -0.525818, -0.44751, -0.575195, 0.993668, 0.042481, 0.041016, -75.516899, -74.171054, 63.852903
1572913276.8576, 60, 0, 0.438708, -0.525757, -0.44751, -0.575195, 0.988296, 0.046876, 0.036133, -76.264591, -74.47013, 63.105211
1572913276.8732, 61, 0, 0.438806, -0.525757, -0.447571, -0.575073, 0.969741, 0.062989, 0.032715, -75.068284, -72.675669, 62.058442
1572913276.8889, 62, 0, 0.43889, -0.525635, -0.447632, -0.575073, 0.988785, 0.06006, 0.041993, -75.367361, -73.5729, 62.955673
1572913276.9046, 63, 0, 0.438988, -0.525635, -0.447693, -0.574951, 0.969741, 0.062989, 0.032715, -77.161822, -74.47013, 62.806134
1572913276.9203, 0, 0, 0.439075, -0.525696, -0.447693, -0.574829, 0.988785, 0.06006, 0.041993, -75.666438, -72.077516, 63.404288
1572913276.9358, 1, 0, 0.43889, -0.525635, -0.447632, -0.575073, 1.000015, 0.048829, 0.033692, -75.965515, -72.974746, 63.852903
1572913276.9513, 2, 0, 0.439155, -0.525696, -0.447693, -0.574768, 0.988785, 0.06006, 0.041993, -75.666438, -72.077516, 63.404288
1572913276.9668, 3, 0, 0.439293, -0.525818, -0.447571, -0.574646, 1.000015, 0.048829, 0.033692, -75.965515, -72.974746, 63.852903
1572913276.9823, 4, 0, 0.439368, -0.52594, -0.44751, -0.574524, 1.000504, 0.058106, 0.041505, -74.918746, -72.825208, 64.15198
1572913276.998, 5, 0, 0.439357, -0.526001, -0.447449, -0.574524, 1.00148, 0.040528, 0.049805, -76.563668, -74.619669, 63.404288
1572913277.0137, 6, 0, 0.439437, -0.526001, -0.447449, -0.574463, 1.000504, 0.058106, 0.041505, -76.264591, -74.47013, 64.301518
1572913277.0294, 7, 0, 0.439357, -0.526001, -0.447449, -0.574524, 1.00148, 0.040528, 0.049805, -76.563668, -74.619669, 63.404288
1572913277.0451, 8, 0, 0.439346, -0.526062, -0.447388, -0.574524, 0.991226, 0.056641, 0.037598, -76.264591, -72.974746, 63.852903
1572913277.0606, 9, 0, 0.439346, -0.526062, -0.447388, -0.574524, 0.988296, 0.049317, 0.040528, -75.965515, -72.974746, 62.806134
1572913277.0761, 10, 0, 0.439295, -0.526001, -0.44751, -0.574524, 0.991226, 0.056641, 0.037598, -75.516899, -72.974746, 63.852903
1572913277.0917, 11, 0, 0.439448, -0.52594, -0.44751, -0.574463, 0.988296, 0.049317, 0.040528, -77.161822, -73.722438, 63.105211
1572913277.1072, 12, 0, 0.439528, -0.52594, -0.44751, -0.574402, 0.992691, 0.050294, 0.032227, -76.115053, -73.124285, 62.507057
1572913277.1227, 13, 0, 0.439472, -0.526001, -0.447571, -0.574341, 0.995621, 0.047852, 0.027832, -76.713207, -72.974746, 63.852903
1572913277.1385, 14, 0, 0.439621, -0.526062, -0.44751, -0.574219, 0.992691, 0.050294, 0.032227, -75.666438, -74.320592, 63.404288
1572913277.1542, 15, 0, 0.439645, -0.526123, -0.447571, -0.574097, 0.995621, 0.047852, 0.027832, -74.769207, -72.974746, 63.553826
1572913277.1699, 16, 0, 0.439521, -0.526123, -0.447693, -0.574097, 0.979507, 0.043458, 0.049805, -76.713207, -73.423362, 63.852903
1572913277.1856, 17, 0, 0.439621, -0.526062, -0.44751, -0.574219, 0.992691, 0.050294, 0.032227, -75.965515, -73.423362, 63.105211
1572913277.2013, 18, 0, 0.439545, -0.526184, -0.447754, -0.573975, 0.972671, 0.041993, 0.041993, -74.320592, -74.47013, 63.553826
1572913277.2169, 19, 0, 0.439687, -0.526184, -0.447693, -0.573914, 0.993668, 0.050294, 0.035645, -76.563668, -73.871977, 62.507057
1572913277.2324, 20, 0, 0.439631, -0.526245, -0.447754, -0.573853, 0.997086, 0.048829, 0.038087, -74.918746, -73.5729, 61.759365
1572913277.2479, 21, 0, 0.439711, -0.526245, -0.447754, -0.573792, 0.992203, 0.041505, 0.041993, -76.264591, -72.974746, 64.301518
1572913277.2634, 22, 0, 0.439718, -0.526306, -0.447754, -0.57373, 0.997086, 0.048829, 0.038087, -74.918746, -73.5729, 61.759365
1572913277.2789, 23, 0, 0.439645, -0.526367, -0.447754, -0.57373, 0.992203, 0.041505, 0.041993, -75.367361, -73.5729, 61.759365
1572913277.2946, 24, 0, 0.439582, -0.526367, -0.447815, -0.57373, 0.991714, 0.050294, 0.035645, -75.516899, -73.722438, 63.105211
1572913277.3103, 25, 0, 0.439496, -0.526306, -0.447815, -0.573853, 0.984878, 0.055665, 0.039063, -76.563668, -73.871977, 63.703365
1572913277.3259, 26, 0, 0.439416, -0.526306, -0.447815, -0.573914, 0.991714, 0.050294, 0.035645, -75.516899, -73.722438, 63.105211
1572913277.3416, 27, 0, 0.439399, -0.526306, -0.447754, -0.573975, 0.984878, 0.055665, 0.039063, -76.563668, -73.871977, 63.703365
1572913277.3573, 28, 0, 0.439399, -0.526306, -0.447754, -0.573975, 0.998062, 0.05713, 0.04004, -74.769207, -72.974746, 63.852903
1572913277.3728, 29, 0, 0.439541, -0.526306, -0.447693, -0.573914, 0.988296, 0.059571, 0.029297, -75.965515, -72.675669, 62.806134
1572913277.3883, 30, 0, 0.439621, -0.526306, -0.447693, -0.573853, 0.998062, 0.05713, 0.04004, -74.769207, -72.974746, 63.852903
1572913277.404, 31, 0, 0.439672, -0.526367, -0.447571, -0.573853, 0.988296, 0.059571, 0.029297, -75.965515, -72.675669, 62.806134
1572913277.4195, 32, 0, 0.439745, -0.526306, -0.447571, -0.573853, 0.988296, 0.042481, 0.036622, -73.423362, -74.47013, 63.852903
1572913277.435, 33, 0, 0.439621, -0.526306, -0.447693, -0.573853, 0.998062, 0.05713, 0.04004, -74.320592, -72.974746, 63.105211
1572913277.4505, 34, 0, 0.439751, -0.526367, -0.447571, -0.573792, 0.996109, 0.047852, 0.046387, -75.666438, -74.320592, 64.451057
1572913277.4662, 35, 0, 0.439634, -0.526428, -0.447693, -0.57373, 0.98146, 0.043946, 0.045411, -74.320592, -72.974746, 63.105211
1572913277.482, 36, 0, 0.439627, -0.526367, -0.447693, -0.573792, 0.992203, 0.053223, 0.031739, -75.666438, -74.320592, 62.955673
1572913277.4976, 37, 0, 0.439561, -0.526489, -0.447693, -0.57373, 0.995132, 0.038575, 0.044434, -73.722438, -75.068284, 63.404288
1572913277.5133, 38, 0, 0.439492, -0.526428, -0.447754, -0.573792, 0.992203, 0.053223, 0.031739, -75.965515, -74.171054, 62.357519
1572913277.5288, 39, 0, 0.43935, -0.526428, -0.447815, -0.573853, 0.995132, 0.038575, 0.044434, -75.965515, -73.722438, 64.600595
1572913277.5444, 40, 0, 0.439332, -0.526428, -0.447754, -0.573914, 0.980972, 0.049317, 0.028809, -75.367361, -72.376593, 62.507057
1572913277.5599, 41, 0, 0.439253, -0.526428, -0.447754, -0.573975, 1.000992, 0.047852, 0.038087, -75.965515, -73.423362, 62.806134
1572913277.5755, 42, 0, 0.439162, -0.526489, -0.447693, -0.574036, 0.980972, 0.049317, 0.028809, -76.264591, -73.722438, 63.553826
1572913277.5912, 43, 0, 0.439133, -0.52655, -0.447571, -0.574097, 1.000992, 0.047852, 0.038087, -76.862745, -73.871977, 64.451057
1572913277.6069, 44, 0, 0.439025, -0.526611, -0.447449, -0.574219, 0.992203, 0.044434, 0.043946, -75.666438, -73.871977, 65.198749
1572913277.6226, 45, 0, 0.438941, -0.526733, -0.447388, -0.574219, 0.992691, 0.044923, 0.042969, -74.769207, -72.974746, 63.553826
1572913277.6383, 46, 0, 0.439003, -0.526733, -0.447327, -0.574219, 0.992203, 0.044434, 0.043946, -75.666438, -73.871977, 65.198749
1572913277.654, 47, 0, 0.438912, -0.526794, -0.447266, -0.57428, 0.992691, 0.044923, 0.042969, -75.965515, -72.227054, 63.852903
1572913277.6697, 48, 0, 0.438941, -0.526733, -0.447388, -0.574219, 1.000504, 0.040528, 0.036133, -74.320592, -74.171054, 64.301518
1572913277.6854, 49, 0, 0.438888, -0.526733, -0.447205, -0.574402, 0.992691, 0.044923, 0.042969, -75.965515, -72.227054, 63.852903
1572913277.7009, 50, 0, 0.438943, -0.526672, -0.447144, -0.574463, 1.000504, 0.040528, 0.036133, -74.320592, -74.171054, 64.301518
1572913277.7164, 51, 0, 0.438857, -0.526611, -0.447144, -0.574585, 0.989761, 0.047364, 0.033692, -75.666438, -73.124285, 63.703365
1572913277.7319, 52, 0, 0.438672, -0.52655, -0.447083, -0.574829, 0.98439, 0.044923, 0.044923, -76.862745, -73.124285, 63.703365
1572913277.7474, 53, 0, 0.438648, -0.526489, -0.447021, -0.574951, 0.989761, 0.047364, 0.033692, -75.666438, -73.124285, 63.703365
1572913277.7631, 54, 0, 0.438477, -0.52655, -0.44696, -0.575073, 0.98439, 0.044923, 0.044923, -76.862745, -73.124285, 63.703365
1572913277.7789, 55, 0, 0.438386, -0.526611, -0.446899, -0.575134, 1.000015, 0.048829, 0.045899, -75.367361, -73.124285, 62.507057
1572913277.7946, 56, 0, 0.438368, -0.526611, -0.446838, -0.575195, 0.98439, 0.070802, 0.049317, -75.666438, -73.5729, 63.404288
1572913277.8101, 57, 0, 0.438332, -0.526611, -0.446716, -0.575317, 1.000015, 0.048829, 0.045899, -75.367361, -73.124285, 62.507057
1572913277.8256, 58, 0, 0.438394, -0.526611, -0.446655, -0.575317, 0.98439, 0.070802, 0.049317, -75.666438, -73.5729, 63.404288
1572913277.8411, 59, 0, 0.438314, -0.526611, -0.446655, -0.575378, 0.988785, 0.061524, 0.048829, -75.666438, -73.124285, 63.703365
1572913277.8566, 60, 0, 0.438376, -0.526611, -0.446594, -0.575378, 1.00734, 0.029297, 0.035645, -74.171054, -73.124285, 63.703365
1572913277.8721, 61, 0, 0.438365, -0.526672, -0.446533, -0.575378, 0.988785, 0.061524, 0.048829, -74.918746, -72.077516, 64.15198
1572913277.8879, 62, 0, 0.438445, -0.526672, -0.446533, -0.575317, 1.00734, 0.029297, 0.035645, -74.769207, -73.423362, 62.806134
1572913277.9036, 63, 0, 0.438383, -0.526672, -0.446594, -0.575317, 0.985367, 0.045411, 0.03711, -76.862745, -72.825208, 61.759365
1572913277.9193, 0, 0, 0.438365, -0.526672, -0.446533, -0.575378, 0.988785, 0.061524, 0.048829, -75.516899, -73.722438, 63.852903
1572913277.935, 1, 0, 0.438383, -0.526672, -0.446594, -0.575317, 0.996109, 0.047852, 0.049317, -75.068284, -73.722438, 64.301518
1572913277.9507, 2, 0, 0.43831, -0.526733, -0.446594, -0.575317, 0.977554, 0.049317, 0.04004, -75.516899, -73.722438, 63.852903
1572913277.9663, 3, 0, 0.43839, -0.526733, -0.446594, -0.575256, 0.993179, 0.044923, 0.040528, -74.320592, -72.974746, 63.553826
1572913277.9818, 4, 0, 0.43839, -0.526733, -0.446594, -0.575256, 0.98439, 0.050782, 0.040528, -74.918746, -74.320592, 63.703365
1572913277.9973, 5, 0, 0.438339, -0.526672, -0.446716, -0.575256, 0.993179, 0.044923, 0.040528, -74.320592, -72.974746, 63.553826
1572913278.0128, 6, 0, 0.438127, -0.526611, -0.446838, -0.575378, 0.98439, 0.050782, 0.040528, -74.918746, -74.320592, 63.703365
1572913278.0285, 7, 0, 0.438165, -0.52655, -0.446716, -0.5755, 0.981949, 0.059083, 0.041505, -75.516899, -73.423362, 63.852903
1572913278.0442, 8, 0, 0.438067, -0.52655, -0.446655, -0.575623, 1.000504, 0.052735, 0.050782, -76.862745, -72.376593, 64.451057
1572913278.0599, 9, 0, 0.438118, -0.526611, -0.446533, -0.575623, 0.981949, 0.059083, 0.041505, -75.516899, -73.423362, 63.852903
1572913278.0756, 10, 0, 0.438107, -0.526672, -0.446472, -0.575623, 1.000504, 0.052735, 0.050782, -76.862745, -72.376593, 64.451057
1572913278.0911, 11, 0, 0.438176, -0.526733, -0.446411, -0.575562, 1.00148, 0.059083, 0.027344, -75.965515, -72.675669, 63.852903
1572913278.1066, 12, 0, 0.438307, -0.526794, -0.446289, -0.5755, 0.992691, 0.053223, 0.040528, -74.918746, -73.871977, 63.703365
1572913278.1221, 13, 0, 0.438445, -0.526917, -0.446167, -0.575378, 1.00148, 0.059083, 0.027344, -76.563668, -73.124285, 63.404288
1572913278.1376, 14, 0, 0.438513, -0.526978, -0.446106, -0.575317, 0.992691, 0.053223, 0.040528, -75.068284, -74.171054, 63.553826
1572913278.1531, 15, 0, 0.438307, -0.526794, -0.446289, -0.5755, 0.990738, 0.048829, 0.045899, -75.367361, -74.320592, 63.703365
1572913278.1686, 16, 0, 0.438513, -0.526978, -0.446106, -0.575317, 0.992691, 0.053223, 0.040528, -75.068284, -74.171054, 63.553826
1572913278.1843, 17, 0, 0.438469, -0.526978, -0.446228, -0.575256, 0.990738, 0.048829, 0.045899, -74.769207, -73.722438, 65.497826
1572913278.1998, 18, 0, 0.438487, -0.526978, -0.446289, -0.575195, 0.984878, 0.049317, 0.042969, -75.068284, -72.227054, 64.301518
1572913278.2153, 19, 0, 0.438629, -0.526978, -0.446228, -0.575134, 0.985855, 0.050782, 0.047852, -75.965515, -75.217823, 63.852903
1572913278.2309, 20, 0, 0.438556, -0.527039, -0.446228, -0.575134, 0.984878, 0.049317, 0.042969, -75.068284, -72.227054, 64.301518
1572913278.2466, 21, 0, 0.438574, -0.527039, -0.446289, -0.575073, 0.985855, 0.050782, 0.047852, -75.965515, -75.217823, 63.852903
1572913278.2623, 22, 0, 0.438745, -0.526978, -0.44635, -0.574951, 0.985855, 0.045899, 0.041505, -73.871977, -73.423362, 63.553826
1572913278.278, 23, 0, 0.438832, -0.527039, -0.44635, -0.574829, 0.991226, 0.058595, 0.033204, -75.516899, -73.423362, 63.105211
1572913278.2935, 24, 0, 0.439054, -0.527039, -0.446289, -0.574707, 0.985855, 0.045899, 0.041505, -73.871977, -73.423362, 63.553826
1572913278.309, 25, 0, 0.439214, -0.527039, -0.446289, -0.574585, 0.991226, 0.058595, 0.033204, -74.918746, -73.5729, 64.15198
1572913278.3246, 26, 0, 0.439214, -0.527039, -0.446289, -0.574585, 0.985855, 0.045411, 0.050294, -76.264591, -73.423362, 64.301518
1572913278.3403, 27, 0, 0.43914, -0.5271, -0.446289, -0.574585, 1.005386, 0.027344, 0.036622, -75.068284, -72.974746, 63.852903
1572913278.356, 28, 0, 0.439209, -0.527161, -0.446228, -0.574524, 0.985855, 0.045411, 0.050294, -75.516899, -74.171054, 64.301518
1572913278.3717, 29, 0, 0.439186, -0.527283, -0.446106, -0.574524, 1.005386, 0.027344, 0.036622, -76.862745, -72.376593, 64.15198
1572913278.3872, 30, 0, 0.43914, -0.5271, -0.446289, -0.574585, 0.992203, 0.047364, 0.038575, -75.666438, -73.5729, 62.507057
1572913278.4027, 31, 0, 0.439107, -0.527283, -0.446106, -0.574585, 1.005386, 0.027344, 0.036622, -76.862745, -72.376593, 64.15198
1572913278.4182, 32, 0, 0.439027, -0.527283, -0.446106, -0.574646, 0.992203, 0.047364, 0.038575, -75.516899, -74.171054, 64.301518
1572913278.4337, 33, 0, 0.439082, -0.527222, -0.446045, -0.574707, 0.992691, 0.052247, 0.039551, -74.171054, -73.124285, 62.955673
1572913278.4493, 34, 0, 0.439155, -0.527161, -0.446045, -0.574707, 0.985855, 0.042481, 0.048829, -75.666438, -73.871977, 63.703365
1572913278.465, 35, 0, 0.439217, -0.527161, -0.445984, -0.574707, 0.992691, 0.052247, 0.039551, -74.171054, -73.124285, 62.955673
1572913278.4807, 36, 0, 0.439137, -0.527161, -0.445984, -0.574768, 0.985855, 0.042481, 0.048829, -74.320592, -74.171054, 63.852903
1572913278.4962, 37, 0, 0.439131, -0.5271, -0.445984, -0.574829, 0.980484, 0.044434, 0.053712, -75.516899, -72.974746, 63.852903
1572913278.5119, 38, 0, 0.439131, -0.5271, -0.445984, -0.574829, 0.982925, 0.040528, 0.036133, -75.516899, -74.918746, 63.852903
1572913278.5276, 39, 0, 0.439131, -0.5271, -0.445984, -0.574829, 0.980484, 0.044434, 0.053712, -74.171054, -74.619669, 63.703365
1572913278.5433, 40, 0, 0.439131, -0.5271, -0.445984, -0.574829, 0.982925, 0.040528, 0.036133, -73.871977, -74.47013, 62.806134
1572913278.559, 41, 0, 0.439199, -0.527161, -0.445923, -0.574768, 0.982925, 0.05127, 0.039063, -76.115053, -73.871977, 63.404288
1572913278.5745, 42, 0, 0.439199, -0.527161, -0.445923, -0.574768, 0.989761, 0.055177, 0.03711, -76.563668, -73.124285, 62.955673
1572913278.59, 43, 0, 0.439206, -0.527222, -0.445923, -0.574707, 0.982925, 0.05127, 0.039063, -76.115053, -73.871977, 63.404288
1572913278.6056, 44, 0, 0.439195, -0.527283, -0.445862, -0.574707, 0.989761, 0.055177, 0.03711, -76.563668, -73.124285, 62.955673
1572913278.6213, 45, 0, 0.439177, -0.527283, -0.445801, -0.574768, 0.986831, 0.045899, 0.034668, -76.713207, -74.171054, 64.301518
1572913278.637, 46, 0, 0.439232, -0.527222, -0.44574, -0.574829, 0.999527, 0.056641, 0.046876, -76.115053, -72.376593, 64.451057
1572913278.6527, 47, 0, 0.439195, -0.527283, -0.445862, -0.574707, 0.992691, 0.053712, 0.04004, -75.068284, -73.722438, 62.357519
1572913278.6684, 48, 0, 0.439035, -0.527283, -0.445862, -0.574829, 0.981949, 0.041016, 0.048829, -76.264591, -73.423362, 62.806134
1572913278.6842, 49, 0, 0.439126, -0.527222, -0.445923, -0.574768, 0.990738, 0.039063, 0.031739, -77.161822, -73.423362, 64.600595
1572913278.6999, 50, 0, 0.439211, -0.5271, -0.445984, -0.574768, 0.992203, 0.047852, 0.045899, -75.367361, -73.871977, 63.703365
1572913278.7156, 51, 0, 0.439229, -0.5271, -0.446045, -0.574707, 0.990738, 0.039063, 0.031739, -77.161822, -73.423362, 64.600595
1572913278.7313, 52, 0, 0.439229, -0.5271, -0.446045, -0.574707, 0.992203, 0.047852, 0.045899, -75.068284, -74.171054, 64.301518
1572913278.7468, 53, 0, 0.439167, -0.5271, -0.446106, -0.574707, 0.985367, 0.050294, 0.033204, -76.264591, -73.722438, 63.553826
1572913278.7623, 54, 0, 0.439217, -0.527161, -0.445984, -0.574707, 1.000015, 0.036133, 0.036622, -75.367361, -73.871977, 63.404288
1572913278.778, 55, 0, 0.439268, -0.527222, -0.445862, -0.574707, 0.985367, 0.050294, 0.033204, -76.264591, -73.722438, 63.553826
1572913278.7937, 56, 0, 0.439296, -0.527405, -0.445618, -0.574707, 1.000015, 0.036133, 0.036622, -75.367361, -73.871977, 63.404288
1572913278.8094, 57, 0, 0.439346, -0.527466, -0.445496, -0.574707, 0.986343, 0.051759, 0.047364, -75.068284, -72.974746, 62.806134
1572913278.8251, 58, 0, 0.439483, -0.527588, -0.445374, -0.574585, 0.990249, 0.036622, 0.034668, -74.171054, -74.619669, 64.451057
1572913278.8408, 59, 0, 0.439613, -0.527649, -0.445251, -0.574524, 0.986343, 0.051759, 0.047364, -75.068284, -72.974746, 62.806134
1572913278.8565, 60, 0, 0.439529, -0.527771, -0.44519, -0.574524, 0.990249, 0.036622, 0.034668, -74.171054, -74.619669, 64.451057
1572913278.8722, 61, 0, 0.439483, -0.527588, -0.445374, -0.574585, 0.993668, 0.047364, 0.047852, -75.965515, -74.47013, 62.806134
1572913278.8879, 62, 0, 0.439547, -0.527771, -0.445251, -0.574463, 0.990249, 0.036622, 0.034668, -74.171054, -74.619669, 64.451057
1572913278.9037, 63, 0, 0.439553, -0.527832, -0.445251, -0.574402, 0.993668, 0.047364, 0.047852, -75.965515, -74.47013, 62.806134
1572913278.9194, 0, 0, 0.439565, -0.527771, -0.445313, -0.574402, 0.98439, 0.039551, 0.044923, -77.31136, -73.5729, 64.451057
1572913278.9351, 1, 0, 0.439498, -0.527893, -0.445313, -0.574341, 0.993179, 0.036622, 0.031739, -74.47013, -73.871977, 63.703365
1572913278.9509, 2, 0, 0.439374, -0.527893, -0.445435, -0.574341, 0.98439, 0.039551, 0.044923, -77.31136, -73.5729, 64.451057
1572913278.9666, 3, 0, 0.439465, -0.527832, -0.445496, -0.57428, 0.993179, 0.036622, 0.031739, -74.47013, -73.871977, 63.703365
1572913278.9823, 4, 0, 0.439374, -0.527893, -0.445435, -0.574341, 0.985367, 0.043946, 0.034668, -77.31136, -75.815976, 63.703365
1572913278.9979, 5, 0, 0.439418, -0.527893, -0.445313, -0.574402, 0.996109, 0.040528, 0.036133, -75.516899, -74.171054, 63.553826
1572913279.0134, 6, 0, 0.439486, -0.527954, -0.445251, -0.574341, 0.985367, 0.043946, 0.034668, -77.31136, -75.815976, 63.703365
1572913279.029, 7, 0, 0.439463, -0.528076, -0.445129, -0.574341, 0.996109, 0.040528, 0.036133, -75.516899, -74.171054, 63.553826
1572913279.0447, 8, 0, 0.439458, -0.528198, -0.445068, -0.57428, 0.98732, 0.041993, 0.026368, -75.367361, -73.5729, 64.451057
1572913279.0604, 9, 0, 0.439588, -0.528259, -0.444946, -0.574219, 1.000992, 0.05127, 0.038087, -74.47013, -73.871977, 62.955673
1572913279.0761, 10, 0, 0.439645, -0.528381, -0.444824, -0.574158, 0.98732, 0.041993, 0.026368, -75.367361, -73.871977, 63.404288
1572913279.0918, 11, 0, 0.439627, -0.528381, -0.444763, -0.574219, 1.000992, 0.05127, 0.038087, -74.769207, -73.722438, 63.105211
1572913279.1075, 12, 0, 0.439604, -0.528503, -0.444641, -0.574219, 0.976089, 0.050294, 0.043946, -75.516899, -74.171054, 65.04921
1572913279.123, 13, 0, 0.439645, -0.528381, -0.444824, -0.574158, 0.98732, 0.041993, 0.026368, -75.367361, -73.871977, 63.404288
1572913279.1386, 14, 0, 0.439586, -0.528503, -0.44458, -0.57428, 1.008316, 0.04004, 0.032227, -76.115053, -72.376593, 62.955673
1572913279.1541, 15, 0, 0.439567, -0.528503, -0.444519, -0.574341, 0.994156, 0.035645, 0.047852, -75.068284, -72.974746, 64.301518
1572913279.1696, 16, 0, 0.439488, -0.528503, -0.444519, -0.574402, 0.986343, 0.046876, 0.039551, -75.367361, -74.320592, 63.404288
1572913279.1853, 17, 0, 0.439408, -0.528503, -0.444519, -0.574463, 0.977066, 0.042969, 0.053712, -75.965515, -73.722438, 63.553826
1572913279.2008, 18, 0, 0.439452, -0.528503, -0.444397, -0.574524, 0.986343, 0.046876, 0.039551, -75.367361, -74.320592, 63.404288
1572913279.2165, 19, 0, 0.439305, -0.528625, -0.444397, -0.574524, 0.977066, 0.042969, 0.053712, -75.965515, -73.722438, 63.553826
1572913279.2322, 20, 0, 0.439305, -0.528625, -0.444397, -0.574524, 0.993668, 0.036133, 0.036622, -76.713207, -71.778439, 63.852903
1572913279.2479, 21, 0, 0.439287, -0.528625, -0.444336, -0.574585, 0.983413, 0.051759, 0.039063, -75.965515, -72.227054, 65.04921
1572913279.2636, 22, 0, 0.439311, -0.528687, -0.444397, -0.574463, 0.993668, 0.036133, 0.036622, -76.713207, -71.778439, 63.852903
1572913279.2793, 23, 0, 0.439459, -0.528748, -0.444336, -0.574341, 0.983413, 0.051759, 0.039063, -75.965515, -72.227054, 65.04921
1572913279.295, 24, 0, 0.439465, -0.528809, -0.444336, -0.57428, 0.996597, 0.048341, 0.038575, -74.918746, -73.5729, 63.703365
1572913279.3105, 25, 0, 0.439422, -0.528809, -0.444458, -0.574219, 0.983413, 0.048829, 0.037598, -75.367361, -72.825208, 62.955673
1572913279.326, 26, 0, 0.439422, -0.528809, -0.444458, -0.574219, 0.996597, 0.048341, 0.038575, -74.918746, -73.5729, 63.703365
1572913279.3415, 27, 0, 0.43941, -0.52887, -0.444397, -0.574219, 0.983413, 0.048829, 0.037598, -73.722438, -74.619669, 64.451057
1572913279.3574, 28, 0, 0.439422, -0.528809, -0.444458, -0.574219, 0.99855, 0.044434, 0.036133, -76.115053, -73.124285, 64.15198
1572913279.373, 29, 0, 0.439398, -0.528931, -0.444336, -0.574219, 0.983413, 0.048829, 0.037598, -75.068284, -73.423362, 64.301518
1572913279.3886, 30, 0, 0.439404, -0.528992, -0.444336, -0.574158, 0.99855, 0.044434, 0.036133, -76.115053, -73.124285, 64.15198
1572913279.4043, 31, 0, 0.439343, -0.528992, -0.444397, -0.574158, 0.993668, 0.03418, 0.032715, -75.965515, -72.974746, 62.357519
1572913279.42, 32, 0, 0.439354, -0.528931, -0.444458, -0.574158, 0.991714, 0.035157, 0.036133, -76.115053, -75.068284, 63.404288
1572913279.4357, 33, 0, 0.439071, -0.528931, -0.44458, -0.57428, 0.993668, 0.03418, 0.032715, -76.713207, -72.974746, 63.852903
1572913279.4514, 34, 0, 0.439132, -0.528748, -0.44458, -0.574402, 0.991714, 0.035157, 0.036133, -76.115053, -75.068284, 63.404288
1572913279.4671, 35, 0, 0.439034, -0.528748, -0.444519, -0.574524, 0.980484, 0.039551, 0.038575, -75.965515, -72.675669, 64.301518
1572913279.4826, 36, 0, 0.439028, -0.528687, -0.444519, -0.574585, 0.98439, 0.047364, 0.046876, -76.713207, -73.722438, 63.105211
1572913279.4981, 37, 0, 0.438942, -0.528625, -0.444519, -0.574707, 0.980484, 0.039551, 0.038575, -76.713207, -73.423362, 62.806134
1572913279.5138, 38, 0, 0.43901, -0.528687, -0.444458, -0.574646, 0.98439, 0.047364, 0.046876, -74.918746, -73.124285, 64.451057
1572913279.5295, 39, 0, 0.438918, -0.528748, -0.444397, -0.574707, 0.998062, 0.040528, 0.036622, -75.516899, -73.423362, 63.852903
1572913279.5452, 40, 0, 0.438832, -0.528687, -0.444397, -0.574829, 0.982925, 0.052735, 0.039063, -74.320592, -72.974746, 63.105211
1572913279.5609, 41, 0, 0.438684, -0.528625, -0.444458, -0.574951, 0.998062, 0.040528, 0.036622, -75.516899, -73.423362, 63.852903
1572913279.5766, 42, 0, 0.438492, -0.528564, -0.444641, -0.575012, 0.982925, 0.052735, 0.039063, -74.320592, -72.974746, 63.105211
1572913279.5922, 43, 0, 0.438832, -0.528687, -0.444397, -0.574829, 0.988785, 0.041016, 0.036133, -75.965515, -75.666438, 64.301518
1572913279.6077, 44, 0, 0.43835, -0.528564, -0.444702, -0.575073, 0.982925, 0.052735, 0.039063, -74.320592, -72.974746, 63.105211
1572913279.6234, 45, 0, 0.438213, -0.528442, -0.444824, -0.575195, 0.988785, 0.041016, 0.036133, -75.965515, -75.666438, 64.301518
1572913279.6391, 46, 0, 0.438077, -0.528503, -0.444885, -0.575195, 0.988785, 0.048341, 0.046387, -74.918746, -73.124285, 62.20798
1572913279.6546, 47, 0, 0.438009, -0.528442, -0.444946, -0.575256, 1.000015, 0.049805, 0.03125, -76.264591, -73.722438, 64.301518
1572913279.6701, 48, 0, 0.438002, -0.528381, -0.444946, -0.575317, 0.988785, 0.048341, 0.046387, -74.918746, -73.124285, 62.20798
1572913279.6856, 49, 0, 0.437922, -0.528381, -0.444946, -0.575378, 1.000015, 0.049805, 0.03125, -76.264591, -73.722438, 64.301518
1572913279.7014, 50, 0, 0.437984, -0.528381, -0.444885, -0.575378, 0.989273, 0.039063, 0.045411, -75.516899, -74.171054, 63.852903
1572913279.717, 51, 0, 0.437977, -0.52832, -0.444885, -0.575439, 1.006363, 0.047364, 0.046876, -75.666438, -73.124285, 65.198749
1572913279.7327, 52, 0, 0.437966, -0.528381, -0.444824, -0.575439, 0.989273, 0.039063, 0.045411, -75.666438, -73.871977, 62.507057
1572913279.7484, 53, 0, 0.438028, -0.528381, -0.444763, -0.575439, 1.006363, 0.047364, 0.046876, -76.862745, -73.5729, 63.703365
1572913279.7639, 54, 0, 0.438041, -0.528503, -0.444763, -0.575317, 0.993668, 0.0542, 0.038575, -76.115053, -74.320592, 64.15198
1572913279.7794, 55, 0, 0.438091, -0.528564, -0.444641, -0.575317, 0.992203, 0.044434, 0.048341, -76.115053, -73.871977, 62.955673
1572913279.7949, 56, 0, 0.438109, -0.528564, -0.444702, -0.575256, 0.993668, 0.0542, 0.038575, -74.769207, -75.217823, 64.600595
1572913279.8106, 57, 0, 0.438041, -0.528503, -0.444763, -0.575317, 0.992203, 0.044434, 0.048341, -75.965515, -73.722438, 62.806134
1572913279.8263, 58, 0, 0.437961, -0.528503, -0.444763, -0.575378, 0.990738, 0.041016, 0.041993, -74.171054, -74.619669, 63.404288
1572913279.8419, 59, 0, 0.438109, -0.528564, -0.444702, -0.575256, 0.993668, 0.0542, 0.038575, -74.918746, -74.320592, 63.703365
1572913279.8574, 60, 0, 0.437892, -0.528442, -0.444824, -0.575439, 0.98732, 0.033204, 0.035645, -76.862745, -73.5729, 63.404288
1572913279.8729, 61, 0, 0.437805, -0.528381, -0.444824, -0.575562, 1.000504, 0.038575, 0.03418, -74.918746, -74.320592, 63.703365
1572913279.8884, 62, 0, 0.437645, -0.528381, -0.444824, -0.575684, 0.997086, 0.0542, 0.042481, -74.769207, -72.227054, 63.553826
1572913279.9039, 63, 0, 0.437502, -0.528381, -0.444885, -0.575745, 0.977066, 0.044923, 0.038087, -75.965515, -73.722438, 63.553826
1572913279.9194, 0, 0, 0.437422, -0.528381, -0.444885, -0.575806, 0.997086, 0.0542, 0.042481, -75.068284, -74.47013, 63.553826
1572913279.9349, 1, 0, 0.437317, -0.52832, -0.444824, -0.575989, 0.977066, 0.044923, 0.038087, -75.965515, -73.722438, 63.553826
1572913279.9504, 2, 0, 0.437361, -0.52832, -0.444702, -0.57605, 0.976577, 0.048341, 0.050294, -76.862745, -73.5729, 64.15198
1572913279.9661, 3, 0, 0.437416, -0.528259, -0.444641, -0.576111, 0.996109, 0.041993, 0.041993, -74.918746, -73.5729, 63.703365
1572913279.9818, 4, 0, 0.437404, -0.52832, -0.44458, -0.576111, 0.976577, 0.048341, 0.050294, -76.563668, -74.320592, 62.507057
1572913279.9975, 5, 0, 0.437411, -0.528381, -0.44458, -0.57605, 0.996109, 0.041993, 0.041993, -75.965515, -75.217823, 64.301518
1572913280.0132, 6, 0, 0.437337, -0.528442, -0.44458, -0.57605, 0.993179, 0.056641, 0.035645, -75.367361, -73.5729, 61.759365
1572913280.0289, 7, 0, 0.437319, -0.528442, -0.444519, -0.576111, 0.998062, 0.041993, 0.043458, -74.769207, -74.171054, 63.553826
1572913280.0445, 8, 0, 0.437381, -0.528442, -0.444458, -0.576111, 0.993179, 0.056641, 0.035645, -75.367361, -73.5729, 61.759365
1572913280.06, 9, 0, 0.437369, -0.528503, -0.444397, -0.576111, 0.998062, 0.041993, 0.043458, -74.769207, -74.171054, 63.553826
1572913280.0755, 10, 0, 0.437295, -0.528564, -0.444397, -0.576111, 0.987808, 0.063478, 0.034668, -75.965515, -73.722438, 63.553826
1572913280.0912, 11, 0, 0.437381, -0.528442, -0.444458, -0.576111, 0.993179, 0.056641, 0.035645, -76.115053, -72.825208, 63.404288
1572913280.1067, 12, 0, 0.437369, -0.528503, -0.444397, -0.576111, 0.994156, 0.041505, 0.039063, -73.124285, -75.666438, 63.852903
1572913280.1224, 13, 0, 0.4373, -0.528442, -0.444458, -0.576172, 0.979019, 0.036133, 0.038575, -74.171054, -73.5729, 63.703365
1572913280.1381, 14, 0, 0.437213, -0.528381, -0.444458, -0.576294, 0.979507, 0.042969, 0.032715, -74.47013, -73.871977, 63.703365
1572913280.1539, 15, 0, 0.437188, -0.52832, -0.444397, -0.576416, 0.982925, 0.050294, 0.050294, -74.769207, -72.227054, 64.600595
1572913280.1696, 16, 0, 0.437096, -0.528381, -0.444336, -0.576477, 0.979507, 0.042969, 0.032715, -74.47013, -73.871977, 63.703365
1572913280.1852, 17, 0, 0.437004, -0.528442, -0.444275, -0.576538, 0.982925, 0.050294, 0.050294, -75.516899, -74.47013, 62.806134
1572913280.2007, 18, 0, 0.437047, -0.528442, -0.444153, -0.576599, 0.993668, 0.047364, 0.034668, -76.563668, -73.871977, 63.703365
1572913280.2163, 19, 0, 0.437029, -0.528442, -0.444092, -0.57666, 1.000992, 0.038575, 0.041016, -75.666438, -72.825208, 62.507057
1572913280.2319, 20, 0, 0.43701, -0.528442, -0.444031, -0.576721, 0.993668, 0.047364, 0.034668, -76.563668, -73.871977, 63.703365
1572913280.2473, 21, 0, 0.43706, -0.528503, -0.443909, -0.576721, 1.000992, 0.038575, 0.041016, -76.563668, -73.5729, 63.703365
1572913280.2629, 22, 0, 0.437035, -0.528442, -0.443848, -0.576843, 0.994156, 0.04004, 0.046387, -75.068284, -74.171054, 62.357519
1572913280.2784, 23, 0, 0.437028, -0.528381, -0.443848, -0.576904, 0.995132, 0.059571, 0.047364, -77.31136, -73.871977, 62.507057
1572913280.2941, 24, 0, 0.436904, -0.528381, -0.44397, -0.576904, 0.994156, 0.04004, 0.046387, -75.068284, -74.171054, 62.357519
1572913280.3098, 25, 0, 0.436849, -0.528442, -0.444031, -0.576843, 0.995132, 0.059571, 0.047364, -77.31136, -73.871977, 62.507057
1572913280.3253, 26, 0, 0.437028, -0.528381, -0.443848, -0.576904, 0.989273, 0.052735, 0.042481, -74.918746, -73.124285, 64.15198
1572913280.3408, 27, 0, 0.436769, -0.528442, -0.444031, -0.576904, 0.995132, 0.059571, 0.047364, -74.769207, -73.423362, 64.301518
1572913280.3563, 28, 0, 0.436669, -0.528442, -0.44397, -0.577026, 0.989273, 0.052735, 0.042481, -74.918746, -73.124285, 64.15198
1572913280.372, 29, 0, 0.436669, -0.528442, -0.44397, -0.577026, 0.995621, 0.046387, 0.039551, -75.516899, -74.47013, 64.301518
1572913280.3877, 30, 0, 0.436701, -0.528503, -0.443787, -0.577087, 0.992203, 0.043946, 0.046876, -75.516899, -73.423362, 64.301518
1572913280.4034, 31, 0, 0.436744, -0.528503, -0.443665, -0.577148, 0.995621, 0.046387, 0.039551, -75.367361, -73.124285, 62.955673
1572913280.4191, 32, 0, 0.436702, -0.528625, -0.443481, -0.577209, 0.992203, 0.043946, 0.046876, -75.666438, -73.124285, 64.15198
1572913280.4348, 33, 0, 0.436745, -0.528625, -0.443359, -0.577271, 0.982925, 0.035157, 0.046387, -77.161822, -74.171054, 63.852903
1572913280.4505, 34, 0, 0.436653, -0.528687, -0.443298, -0.577332, 0.983413, 0.043458, 0.03711, -76.115053, -73.871977, 65.647364
1572913280.4662, 35, 0, 0.436696, -0.528687, -0.443176, -0.577393, 0.982925, 0.035157, 0.046387, -75.068284, -73.722438, 64.600595
1572913280.4819, 36, 0, 0.43661, -0.528809, -0.443115, -0.577393, 0.983413, 0.043458, 0.03711, -76.563668, -73.124285, 64.899672
1572913280.4977, 37, 0, 0.436598, -0.52887, -0.443054, -0.577393, 0.995621, 0.054688, 0.042481, -75.516899, -72.675669, 64.301518
1572913280.5132, 38, 0, 0.436598, -0.52887, -0.443054, -0.577393, 0.98732, 0.046876, 0.048829, -75.516899, -75.217823, 65.04921
1572913280.5287, 39, 0, 0.436586, -0.528931, -0.442993, -0.577393, 0.995621, 0.054688, 0.042481, -73.871977, -73.722438, 63.553826
1572913280.5443, 40, 0, 0.436629, -0.528931, -0.442871, -0.577454, 0.98732, 0.046876, 0.048829, -75.516899, -75.217823, 65.04921
1572913280.56, 41, 0, 0.436598, -0.52887, -0.443054, -0.577393, 0.981949, 0.045899, 0.035157, -75.666438, -73.5729, 63.703365
1572913280.5757, 42, 0, 0.436541, -0.52887, -0.442871, -0.577576, 0.98732, 0.046876, 0.048829, -75.367361, -73.124285, 62.20798
1572913280.5914, 43, 0, 0.436585, -0.52887, -0.442749, -0.577637, 0.981949, 0.045899, 0.035157, -74.171054, -72.825208, 62.955673
1572913280.6069, 44, 0, 0.436497, -0.528809, -0.442749, -0.577759, 1.000015, 0.041016, 0.050782, -74.171054, -72.376593, 63.404288
1572913280.6224, 45, 0, 0.436342, -0.52887, -0.442749, -0.57782, 0.999039, 0.057618, 0.042481, -75.965515, -72.974746, 62.806134
1572913280.6379, 46, 0, 0.436323, -0.52887, -0.442688, -0.577881, 1.000015, 0.041016, 0.050782, -74.320592, -72.974746, 63.553826
1572913280.6534, 47, 0, 0.436378, -0.528809, -0.442627, -0.577942, 0.999039, 0.057618, 0.042481, -76.264591, -72.675669, 63.553826
1572913280.6689, 48, 0, 0.436285, -0.52887, -0.442566, -0.578003, 0.986343, 0.054688, 0.038087, -76.264591, -74.918746, 62.806134
1572913280.6844, 49, 0, 0.436373, -0.528931, -0.442566, -0.577881, 0.986343, 0.050294, 0.05127, -74.320592, -74.918746, 63.553826
1572913280.6999, 50, 0, 0.436392, -0.528931, -0.442627, -0.57782, 0.986343, 0.054688, 0.038087, -74.320592, -73.722438, 63.553826
1572913280.7157, 51, 0, 0.436392, -0.528931, -0.442627, -0.57782, 0.986343, 0.050294, 0.05127, -74.320592, -74.918746, 63.553826
1572913280.7314, 52, 0, 0.436392, -0.528931, -0.442627, -0.57782, 0.991226, 0.044923, 0.056641, -76.563668, -73.871977, 63.703365
1572913280.7471, 53, 0, 0.43638, -0.528992, -0.442566, -0.57782, 1.003922, 0.041993, 0.047852, -76.264591, -74.171054, 63.553826
1572913280.7628, 54, 0, 0.43638, -0.528992, -0.442566, -0.57782, 0.991226, 0.044923, 0.056641, -76.563668, -73.871977, 63.703365
1572913280.7785, 55, 0, 0.436375, -0.529114, -0.442505, -0.577759, 1.003922, 0.041993, 0.047852, -76.264591, -74.171054, 63.553826
1572913280.7942, 56, 0, 0.436443, -0.529175, -0.442444, -0.577698, 0.979995, 0.03418, 0.041505, -74.918746, -73.871977, 63.703365
1572913280.8097, 57, 0, 0.43638, -0.528992, -0.442566, -0.57782, 0.991226, 0.044923, 0.056641, -74.769207, -72.974746, 63.553826
1572913280.8252, 58, 0, 0.436375, -0.529114, -0.442505, -0.577759, 0.992203, 0.03711, 0.044434, -75.068284, -75.666438, 64.301518
1572913280.8407, 59, 0, 0.436368, -0.529053, -0.442505, -0.57782, 0.991714, 0.033692, 0.047364, -74.918746, -75.367361, 62.955673
1572913280.8562, 60, 0, 0.436342, -0.528992, -0.442444, -0.577942, 0.994644, 0.044434, 0.038087, -75.965515, -74.171054, 63.105211
1572913280.8719, 61, 0, 0.43633, -0.529053, -0.442383, -0.577942, 0.993179, 0.05127, 0.038575, -76.264591, -74.171054, 63.105211
1572913280.8876, 62, 0, 0.436256, -0.529114, -0.442383, -0.577942, 0.994644, 0.044434, 0.038087, -75.965515, -74.171054, 63.105211
1572913280.9032, 63, 0, 0.436386, -0.529175, -0.442261, -0.577881, 0.993179, 0.05127, 0.038575, -76.264591, -74.171054, 63.105211
1572913280.9188, 0, 0, 0.436467, -0.529175, -0.442261, -0.57782, 0.98439, 0.051759, 0.048341, -76.563668, -73.5729, 64.899672
1572913280.9343, 1, 0, 0.436522, -0.529114, -0.4422, -0.577881, 0.990738, 0.040528, 0.043458, -74.171054, -73.871977, 64.15198
1572913280.9499, 2, 0, 0.436565, -0.529114, -0.442078, -0.577942, 0.98439, 0.051759, 0.048341, -76.563668, -73.5729, 64.899672
1572913280.9654, 3, 0, 0.436558, -0.529053, -0.442078, -0.578003, 0.990738, 0.040528, 0.043458, -74.171054, -73.871977, 64.15198
1572913280.981, 4, 0, 0.436423, -0.529114, -0.442139, -0.578003, 0.994156, 0.044923, 0.051759, -76.115053, -74.320592, 62.955673
1572913280.9967, 5, 0, 0.436368, -0.529175, -0.4422, -0.577942, 0.98732, 0.049805, 0.03711, -77.161822, -73.423362, 63.852903
1572913281.0122, 6, 0, 0.436368, -0.529175, -0.4422, -0.577942, 0.994156, 0.044923, 0.051759, -76.115053, -74.320592, 62.955673
1572913281.0277, 7, 0, 0.436293, -0.529236, -0.4422, -0.577942, 0.98732, 0.049805, 0.03711, -74.47013, -73.124285, 64.15198
1572913281.0432, 8, 0, 0.436368, -0.529175, -0.4422, -0.577942, 0.989761, 0.041993, 0.034668, -74.918746, -74.619669, 64.899672
1572913281.0587, 9, 0, 0.436306, -0.529175, -0.442261, -0.577942, 0.98732, 0.049805, 0.03711, -74.47013, -73.124285, 64.15198
1572913281.0742, 10, 0, 0.43633, -0.529053, -0.442383, -0.577942, 0.989761, 0.041993, 0.034668, -74.918746, -74.619669, 64.899672
1572913281.0897, 11, 0, 0.436411, -0.529053, -0.442383, -0.577881, 1.00